{
	"canopy": [
	[151.1694435,-33.8128135],
	[151.1691324,-33.8130029],
	[151.1688642,-33.813511],
	[151.1686711,-33.8140749],
	[151.1692692,-33.8140883],
	[151.1695509,-33.8134308],
	[151.1698459,-33.8129874],
	[151.1694435,-33.8128135]],
	"outer_canopy": [
	[151.1698755,-33.8129918],
	[151.1695965,-33.8134308],
	[151.1692987,-33.814106],
	[151.1686872,-33.8141061],
	[151.1687141,-33.8145428],
	[151.1699371,-33.8146297],
	[151.1698446,-33.8141083],
	[151.1703113,-33.8132615],
	[151.1698755,-33.8129918]],
	"plaza": [
	[151.1683795,-33.8145614],
	[151.1683593,-33.8151297],
	[151.1700062,-33.8152188],
	[151.1699365,-33.8146505],
	[151.1683795,-33.8145614]],
	"wooly_library": [
	[151.1686309,-33.8151954],
	[151.1688696,-33.8156768],
	[151.1690064,-33.8157459],
	[151.1692934,-33.81563],
	[151.1700471,-33.8155832],
	[151.1700042,-33.8152355],
	[151.1686309,-33.8151954]],
	"longueville_shops": [
	[151.1707008,-33.8129813],
	[151.1703373,-33.8132799],
	[151.1699001,-33.81412],
	[151.1700275,-33.8151652],
	[151.1705801,-33.8151384],
	[151.170454,-33.8140777],
	[151.1707115,-33.8137033],
	[151.1710173,-33.8135027],
	[151.1707008,-33.8129813]],
	"pool": [
	[151.1718756,-33.8130481],
	[151.1709529,-33.8133111],
	[151.1710602,-33.8135117],
	[151.170749,-33.81373],
	[151.1704969,-33.8140911],
	[151.1706096,-33.815134],
	[151.1712962,-33.8150471],
	[151.1712265,-33.8142916],
	[151.1725193,-33.8141446],
	[151.1718756,-33.8130481]],
	"burns_bay_shops": [
	[151.1664519,-33.8147887],
	[151.1663017,-33.8152544],
	[151.1683375,-33.8151542],
	[151.1683509,-33.8145658],
	[151.167801,-33.814499],
	[151.1664519,-33.8147887]],
	"post_office_block": [
	[151.1686406,-33.8140288],
	[151.1676481,-33.8139575],
	[151.1665645,-33.8139953],
	[151.1663768,-33.8142984],
	[151.16624,-33.814372],
	[151.1664599,-33.8147553],
	[151.1677876,-33.8144633],
	[151.1686647,-33.8145369],
	[151.1686406,-33.8140288]],
	"church_block": [
	[151.1668971,-33.813378],
	[151.1665618,-33.8139775],
	[151.1676186,-33.8139129],
	[151.168654,-33.8139998],
	[151.1687934,-33.8135563],
	[151.1668971,-33.813378]],
	"highrises": [
	[151.1674523,-33.8123372],
	[151.1669159,-33.8133356],
	[151.1688042,-33.8135339],
	[151.1690778,-33.8130147],
	[151.1692333,-33.812881],
	[151.1694318,-33.812774],
	[151.1693352,-33.8126024],
	[151.1690348,-33.8124865],
	[151.1674523,-33.8123372]],
	"park_strip": [
	[151.167249,-33.8126382],
	[151.1669594,-33.8125],
	[151.1660742,-33.8142427],
	[151.1662244,-33.8143408],
	[151.1663907,-33.8142204],
	[151.167249,-33.8126382]],
	"tasmania": [
	[144.4791329,-40.5129024],
	[145.2591622,-43.2123237],
	[146.5555489,-43.7543731],
	[148.2584298,-43.4281313],
	[148.6978829,-40.546304],
	[146.4346993,-40.9873012],
	[144.4791329,-40.5129024]],
	"pottery_green": [
	[151.1712602,-33.8143084],
	[151.17133,-33.8151374],
	[151.1713568,-33.8154048],
	[151.1721185,-33.8154806],
	[151.1730734,-33.8151219],
	[151.172537,-33.8141791],
	[151.1712602,-33.8143084]]
}